art_id,nombre_reglamento_normalized,nombre_reglamento_normalized_created,match_version_used,doc_id,nombre_ley_matched,similarity,type_of_relation
37159EFC_19,REGLAMENTODELALEYDEFILMACIONESDELACIUDADDEMEXICO,REGLAMENTODELALEYDEFILMACIONESDELADISTRITOFEDERAL,created,807464C1,Reglamento de la Ley de Filmaciones del Distrito Federal,0.9896907216494846,mencion_reglamento
3A2C8488_168,REGLAMENTODELALEYDEGESTIONINTEGRALDERIESGOSYPROTECCIONCIVILDELACIUDADDEMEXICO,REGLAMENTODELALEYDEGESTIONINTEGRALDERIESGOSYPROTECCIONCIVILDELADISTRITOFEDERAL,original,D61F4C69,Reglamento de la Ley de Gestion Integral de Riesgos y Proteccion Civil de la Ciudad de Mexico,1.0,mencion_reglamento
C57B66D6_92,REGLAMENTODELALEYDELNOTARIADOPARALACIUDADDEMEXICO,REGLAMENTODELALEYDELNOTARIADOPARALADISTRITOFEDERAL,original,D2CE6E11,Reglamento de la Ley del Notariado en la Ciudad de Mexico,0.9375,mencion_reglamento
C57B66D6_100,REGLAMENTODELALEYDELNOTARIADOPARALACIUDADDEMEXICO,REGLAMENTODELALEYDELNOTARIADOPARALADISTRITOFEDERAL,original,D2CE6E11,Reglamento de la Ley del Notariado en la Ciudad de Mexico,0.9375,mencion_reglamento
6DAE5BFB_20,REGLAMENTODELALEYDEADQUISICIONESPARAELDISTRITOFEDERAL,REGLAMENTODELALEYDEADQUISICIONESPARAELDISTRITOFEDERAL,original,47C1641A,Reglamento de la Ley de Adquisiciones para el Distrito Federal,1.0,mencion_reglamento
6DAE5BFB_20,REGLAMENTODELALEYDEADQUISICIONESPARAELDISTRITOFEDERAL,REGLAMENTODELALEYDEADQUISICIONESPARAELDISTRITOFEDERAL,original,47C1641A,Reglamento de la Ley de Adquisiciones para el Distrito Federal,1.0,mencion_reglamento
6DAE5BFB_20,REGLAMENTODELALEYDEADQUISICIONESPARAELDISTRITOFEDERAL,REGLAMENTODELALEYDEADQUISICIONESPARAELDISTRITOFEDERAL,original,47C1641A,Reglamento de la Ley de Adquisiciones para el Distrito Federal,1.0,mencion_reglamento
6DAE5BFB_21BIS,REGLAMENTODELALEYDEADQUISICIONESPARAELDISTRITOFEDERAL,REGLAMENTODELALEYDEADQUISICIONESPARAELDISTRITOFEDERAL,original,47C1641A,Reglamento de la Ley de Adquisiciones para el Distrito Federal,1.0,mencion_reglamento
6DAE5BFB_22,REGLAMENTODELALEYDEADQUISICIONESPARAELDISTRITOFEDERAL,REGLAMENTODELALEYDEADQUISICIONESPARAELDISTRITOFEDERAL,original,47C1641A,Reglamento de la Ley de Adquisiciones para el Distrito Federal,1.0,mencion_reglamento
6DAE5BFB_70,REGLAMENTODELALEYDEADQUISICIONESPARAELDISTRITOFEDERAL,REGLAMENTODELALEYDEADQUISICIONESPARAELDISTRITOFEDERAL,original,47C1641A,Reglamento de la Ley de Adquisiciones para el Distrito Federal,1.0,mencion_reglamento
67567B88_25,REGLAMENTODELALEYAMBIENTALDELACIUDADDEMEXICO,REGLAMENTODELALEYAMBIENTALDELADISTRITOFEDERAL,created,D73158BE,Reglamento de la Ley Ambiental del Distrito Federal,0.9887640449438202,mencion_reglamento
67567B88_34,REGLAMENTODELALEYAMBIENTALDELACIUDADDEMEXICO,REGLAMENTODELALEYAMBIENTALDELADISTRITOFEDERAL,created,D73158BE,Reglamento de la Ley Ambiental del Distrito Federal,0.9887640449438202,mencion_reglamento
67567B88_43,REGLAMENTODELALEYAMBIENTALDELACIUDADDEMEXICO,REGLAMENTODELALEYAMBIENTALDELADISTRITOFEDERAL,created,D73158BE,Reglamento de la Ley Ambiental del Distrito Federal,0.9887640449438202,mencion_reglamento
67567B88_57,REGLAMENTODELALEYAMBIENTALDELACIUDADDEMEXICO,REGLAMENTODELALEYAMBIENTALDELADISTRITOFEDERAL,created,D73158BE,Reglamento de la Ley Ambiental del Distrito Federal,0.9887640449438202,mencion_reglamento
67567B88_106,REGLAMENTODELALEYAMBIENTALDELACIUDADDEMEXICO,REGLAMENTODELALEYAMBIENTALDELADISTRITOFEDERAL,created,D73158BE,Reglamento de la Ley Ambiental del Distrito Federal,0.9887640449438202,mencion_reglamento
67567B88_200,REGLAMENTODELALEYAMBIENTALDELACIUDADDEMEXICO,REGLAMENTODELALEYAMBIENTALDELADISTRITOFEDERAL,created,D73158BE,Reglamento de la Ley Ambiental del Distrito Federal,0.9887640449438202,mencion_reglamento
67567B88_269,REGLAMENTODELALEYAMBIENTALDELACIUDADDEMEXICO,REGLAMENTODELALEYAMBIENTALDELADISTRITOFEDERAL,created,D73158BE,Reglamento de la Ley Ambiental del Distrito Federal,0.9887640449438202,mencion_reglamento
67567B88_269,REGLAMENTODELALEYAMBIENTALDELACIUDADDEMEXICO,REGLAMENTODELALEYAMBIENTALDELADISTRITOFEDERAL,created,D73158BE,Reglamento de la Ley Ambiental del Distrito Federal,0.9887640449438202,mencion_reglamento
67567B88_296,REGLAMENTODELALEYAMBIENTALDELACIUDADDEMEXICO,REGLAMENTODELALEYAMBIENTALDELADISTRITOFEDERAL,created,D73158BE,Reglamento de la Ley Ambiental del Distrito Federal,0.9887640449438202,mencion_reglamento
D0D23E5F_33,REGLAMENTODELALEYORGANICADELAFISCALIAGENERALDEJUSTICIADELACIUDADDEMEXICO,REGLAMENTODELALEYORGANICADELAFISCALIAGENERALDEJUSTICIADELADISTRITOFEDERAL,created,55FBF591,Reglamento de la Ley Organica de la Procuraduria General de Justicia del Distrito Federal,0.912751677852349,mencion_reglamento
D0D23E5F_34,REGLAMENTODELALEYORGANICADELAFISCALIAGENERALDEJUSTICIADELACIUDADDEMEXICO,REGLAMENTODELALEYORGANICADELAFISCALIAGENERALDEJUSTICIADELADISTRITOFEDERAL,created,55FBF591,Reglamento de la Ley Organica de la Procuraduria General de Justicia del Distrito Federal,0.912751677852349,mencion_reglamento
D0D23E5F_35,REGLAMENTODELALEYORGANICADELAFISCALIAGENERALDEJUSTICIADELACIUDADDEMEXICO,REGLAMENTODELALEYORGANICADELAFISCALIAGENERALDEJUSTICIADELADISTRITOFEDERAL,created,55FBF591,Reglamento de la Ley Organica de la Procuraduria General de Justicia del Distrito Federal,0.912751677852349,mencion_reglamento
D0D23E5F_46,REGLAMENTODELALEYORGANICADELAFISCALIAGENERALDEJUSTICIADELACIUDADDEMEXICO,REGLAMENTODELALEYORGANICADELAFISCALIAGENERALDEJUSTICIADELADISTRITOFEDERAL,created,55FBF591,Reglamento de la Ley Organica de la Procuraduria General de Justicia del Distrito Federal,0.912751677852349,mencion_reglamento
D0D23E5F_48,REGLAMENTODELALEYORGANICADELAFISCALIAGENERALDEJUSTICIADELACIUDADDEMEXICO,REGLAMENTODELALEYORGANICADELAFISCALIAGENERALDEJUSTICIADELADISTRITOFEDERAL,created,55FBF591,Reglamento de la Ley Organica de la Procuraduria General de Justicia del Distrito Federal,0.912751677852349,mencion_reglamento
D0D23E5F_50,REGLAMENTODELALEYORGANICADELAFISCALIAGENERALDEJUSTICIADELACIUDADDEMEXICO,REGLAMENTODELALEYORGANICADELAFISCALIAGENERALDEJUSTICIADELADISTRITOFEDERAL,created,55FBF591,Reglamento de la Ley Organica de la Procuraduria General de Justicia del Distrito Federal,0.912751677852349,mencion_reglamento
D0D23E5F_63,REGLAMENTODELALEYORGANICADELAFISCALIAGENERALDEJUSTICIADELACIUDADDEMEXICO,REGLAMENTODELALEYORGANICADELAFISCALIAGENERALDEJUSTICIADELADISTRITOFEDERAL,created,55FBF591,Reglamento de la Ley Organica de la Procuraduria General de Justicia del Distrito Federal,0.912751677852349,mencion_reglamento
D0D23E5F_65,REGLAMENTODELALEYORGANICADELAFISCALIAGENERALDEJUSTICIADELACIUDADDEMEXICO,REGLAMENTODELALEYORGANICADELAFISCALIAGENERALDEJUSTICIADELADISTRITOFEDERAL,created,55FBF591,Reglamento de la Ley Organica de la Procuraduria General de Justicia del Distrito Federal,0.912751677852349,mencion_reglamento
D0D23E5F_65,REGLAMENTODELALEYORGANICADELAFISCALIAGENERALDEJUSTICIADELACIUDADDEMEXICO,REGLAMENTODELALEYORGANICADELAFISCALIAGENERALDEJUSTICIADELADISTRITOFEDERAL,created,55FBF591,Reglamento de la Ley Organica de la Procuraduria General de Justicia del Distrito Federal,0.912751677852349,mencion_reglamento
D0D23E5F_70,REGLAMENTODELALEYORGANICADELAFISCALIAGENERALDEJUSTICIADELACIUDADDEMEXICO,REGLAMENTODELALEYORGANICADELAFISCALIAGENERALDEJUSTICIADELADISTRITOFEDERAL,created,55FBF591,Reglamento de la Ley Organica de la Procuraduria General de Justicia del Distrito Federal,0.912751677852349,mencion_reglamento
D0D23E5F_76,REGLAMENTODELALEYORGANICADELAFISCALIAGENERALDEJUSTICIADELACIUDADDEMEXICO,REGLAMENTODELALEYORGANICADELAFISCALIAGENERALDEJUSTICIADELADISTRITOFEDERAL,created,55FBF591,Reglamento de la Ley Organica de la Procuraduria General de Justicia del Distrito Federal,0.912751677852349,mencion_reglamento
D0D23E5F_78,REGLAMENTODELALEYORGANICADELAFISCALIAGENERALDEJUSTICIADELACIUDADDEMEXICO,REGLAMENTODELALEYORGANICADELAFISCALIAGENERALDEJUSTICIADELADISTRITOFEDERAL,created,55FBF591,Reglamento de la Ley Organica de la Procuraduria General de Justicia del Distrito Federal,0.912751677852349,mencion_reglamento
D0D23E5F_79,REGLAMENTODELALEYORGANICADELAFISCALIAGENERALDEJUSTICIADELACIUDADDEMEXICO,REGLAMENTODELALEYORGANICADELAFISCALIAGENERALDEJUSTICIADELADISTRITOFEDERAL,created,55FBF591,Reglamento de la Ley Organica de la Procuraduria General de Justicia del Distrito Federal,0.912751677852349,mencion_reglamento
D0D23E5F_100,REGLAMENTODELALEYORGANICADELAFISCALIAGENERALDEJUSTICIADELACIUDADDEMEXICO,REGLAMENTODELALEYORGANICADELAFISCALIAGENERALDEJUSTICIADELADISTRITOFEDERAL,created,55FBF591,Reglamento de la Ley Organica de la Procuraduria General de Justicia del Distrito Federal,0.912751677852349,mencion_reglamento
93D6E7AD_21,REGLAMENTODELALEYDEFOMENTOCOOPERATIVOPARALACIUDADDEMEXICO,REGLAMENTODELALEYDEFOMENTOCOOPERATIVOPARALADISTRITOFEDERAL,created,49951E1A,Reglamento de la Ley de Fomento Cooperativo para el Distrito Federal,0.9827586206896551,mencion_reglamento
D6164805_15,REGLAMENTODELALEYDEEDUCACIONFISICAYDEPORTEDELACIUDADDEMEXICO,REGLAMENTODELALEYDEEDUCACIONFISICAYDEPORTEDELADISTRITOFEDERAL,created,66878C98,Reglamento de la Ley de Educacion Fisica y Deporte del Distrito Federal,0.9917355371900827,mencion_reglamento
D6164805_20,REGLAMENTODELALEYDEEDUCACIONFISICAYDEPORTEDELACIUDADDEMEXICO,REGLAMENTODELALEYDEEDUCACIONFISICAYDEPORTEDELADISTRITOFEDERAL,created,66878C98,Reglamento de la Ley de Educacion Fisica y Deporte del Distrito Federal,0.9917355371900827,mencion_reglamento
D6164805_31,REGLAMENTODELALEYDEEDUCACIONFISICAYDEPORTEDELACIUDADDEMEXICO,REGLAMENTODELALEYDEEDUCACIONFISICAYDEPORTEDELADISTRITOFEDERAL,created,66878C98,Reglamento de la Ley de Educacion Fisica y Deporte del Distrito Federal,0.9917355371900827,mencion_reglamento
5443E289_51,REGLAMENTODELALEYDESEGURIDADPRIVADAPARAELDISTRITOFEDERAL,REGLAMENTODELALEYDESEGURIDADPRIVADAPARAELDISTRITOFEDERAL,original,E0644EAF,Reglamento de la Ley de Seguridad Privada para el Distrito Federal,1.0,mencion_reglamento
A3D6BE07_10,REGLAMENTODELALEYDEESPACIOSCULTURALESINDEPENDIENTESDELACIUDADDEMEXICO,REGLAMENTODELALEYDEESPACIOSCULTURALESINDEPENDIENTESDELADISTRITOFEDERAL,original,1E1110C3,Reglamento de la Ley de Espacios Culturales Independientes de la Ciudad de Mexico,1.0,mencion_reglamento
A3D6BE07_11,REGLAMENTODELALEYDEESPACIOSCULTURALESINDEPENDIENTESDELACIUDADDEMEXICO,REGLAMENTODELALEYDEESPACIOSCULTURALESINDEPENDIENTESDELADISTRITOFEDERAL,original,1E1110C3,Reglamento de la Ley de Espacios Culturales Independientes de la Ciudad de Mexico,1.0,mencion_reglamento
A3D6BE07_12,REGLAMENTODELALEYDEESPACIOSCULTURALESINDEPENDIENTESDELACIUDADDEMEXICO,REGLAMENTODELALEYDEESPACIOSCULTURALESINDEPENDIENTESDELADISTRITOFEDERAL,original,1E1110C3,Reglamento de la Ley de Espacios Culturales Independientes de la Ciudad de Mexico,1.0,mencion_reglamento
153125A4_21,REGLAMENTODELALEYDEEXTINCIONDEDOMINIOPARALACIUDADDEMEXICO,REGLAMENTODELALEYDEEXTINCIONDEDOMINIOPARALADISTRITOFEDERAL,created,F81E96C7,Reglamento de la Ley de Extincion de Dominio para el Distrito Federal,0.9827586206896551,mencion_reglamento
1845EF43_53,REGLAMENTODELALEYDEPROPIEDADENCONDOMINIODEINMUEBLESPARAELDISTRITOFEDERAL,REGLAMENTODELALEYDEPROPIEDADENCONDOMINIODEINMUEBLESPARAELDISTRITOFEDERAL,original,1D831B5C,Reglamento de la Ley de Propiedad en Condominio de Inmuebles para el Distrito Federal,1.0,mencion_reglamento
FB6CCCAE_105,REGLAMENTODELALEYDELOSDERECHOSDENINASNINOSYADOLESCENTESDELACIUDADDEMEXICO,REGLAMENTODELALEYDELOSDERECHOSDENINASNINOSYADOLESCENTESDELADISTRITOFEDERAL,original,2155A245,"Reglamento de la Ley de los Derechos de Ninas, Ninos y Adolescentes de la Ciudad de Mexico",1.0,mencion_reglamento
FB6CCCAE_106,REGLAMENTODELALEYDELOSDERECHOSDENINASNINOSYADOLESCENTESDELACIUDADDEMEXICO,REGLAMENTODELALEYDELOSDERECHOSDENINASNINOSYADOLESCENTESDELADISTRITOFEDERAL,original,2155A245,"Reglamento de la Ley de los Derechos de Ninas, Ninos y Adolescentes de la Ciudad de Mexico",1.0,mencion_reglamento
74FF23BF_17,REGLAMENTODELALEYDEACCESODELASMUJERESAUNAVIDALIBREDEVIOLENCIADELACIUDADDEMEXICO,REGLAMENTODELALEYDEACCESODELASMUJERESAUNAVIDALIBREDEVIOLENCIADELADISTRITOFEDERAL,created,768F07C4,Reglamento de la Ley de Acceso de las Mujeres a una Vida Libre de Violencia del Distrito Federal,0.9937106918238994,mencion_reglamento
74FF23BF_22,REGLAMENTODELALEYDEACCESODELASMUJERESAUNAVIDALIBREDEVIOLENCIADELACIUDADDEMEXICO,REGLAMENTODELALEYDEACCESODELASMUJERESAUNAVIDALIBREDEVIOLENCIADELADISTRITOFEDERAL,created,768F07C4,Reglamento de la Ley de Acceso de las Mujeres a una Vida Libre de Violencia del Distrito Federal,0.9937106918238994,mencion_reglamento
74FF23BF_23,REGLAMENTODELALEYDEACCESODELASMUJERESAUNAVIDALIBREDEVIOLENCIADELACIUDADDEMEXICO,REGLAMENTODELALEYDEACCESODELASMUJERESAUNAVIDALIBREDEVIOLENCIADELADISTRITOFEDERAL,created,768F07C4,Reglamento de la Ley de Acceso de las Mujeres a una Vida Libre de Violencia del Distrito Federal,0.9937106918238994,mencion_reglamento
74FF23BF_24,REGLAMENTODELALEYDEACCESODELASMUJERESAUNAVIDALIBREDEVIOLENCIADELACIUDADDEMEXICO,REGLAMENTODELALEYDEACCESODELASMUJERESAUNAVIDALIBREDEVIOLENCIADELADISTRITOFEDERAL,created,768F07C4,Reglamento de la Ley de Acceso de las Mujeres a una Vida Libre de Violencia del Distrito Federal,0.9937106918238994,mencion_reglamento
74FF23BF_25,REGLAMENTODELALEYDEACCESODELASMUJERESAUNAVIDALIBREDEVIOLENCIADELACIUDADDEMEXICO,REGLAMENTODELALEYDEACCESODELASMUJERESAUNAVIDALIBREDEVIOLENCIADELADISTRITOFEDERAL,created,768F07C4,Reglamento de la Ley de Acceso de las Mujeres a una Vida Libre de Violencia del Distrito Federal,0.9937106918238994,mencion_reglamento
74FF23BF_26,REGLAMENTODELALEYDEACCESODELASMUJERESAUNAVIDALIBREDEVIOLENCIADELACIUDADDEMEXICO,REGLAMENTODELALEYDEACCESODELASMUJERESAUNAVIDALIBREDEVIOLENCIADELADISTRITOFEDERAL,created,768F07C4,Reglamento de la Ley de Acceso de las Mujeres a una Vida Libre de Violencia del Distrito Federal,0.9937106918238994,mencion_reglamento
74FF23BF_32,REGLAMENTODELALEYDEACCESODELASMUJERESAUNAVIDALIBREDEVIOLENCIADELACIUDADDEMEXICO,REGLAMENTODELALEYDEACCESODELASMUJERESAUNAVIDALIBREDEVIOLENCIADELADISTRITOFEDERAL,created,768F07C4,Reglamento de la Ley de Acceso de las Mujeres a una Vida Libre de Violencia del Distrito Federal,0.9937106918238994,mencion_reglamento
74FF23BF_35,REGLAMENTODELALEYDEACCESODELASMUJERESAUNAVIDALIBREDEVIOLENCIADELACIUDADDEMEXICO,REGLAMENTODELALEYDEACCESODELASMUJERESAUNAVIDALIBREDEVIOLENCIADELADISTRITOFEDERAL,created,768F07C4,Reglamento de la Ley de Acceso de las Mujeres a una Vida Libre de Violencia del Distrito Federal,0.9937106918238994,mencion_reglamento
74FF23BF_36,REGLAMENTODELALEYDEACCESODELASMUJERESAUNAVIDALIBREDEVIOLENCIADELACIUDADDEMEXICO,REGLAMENTODELALEYDEACCESODELASMUJERESAUNAVIDALIBREDEVIOLENCIADELADISTRITOFEDERAL,created,768F07C4,Reglamento de la Ley de Acceso de las Mujeres a una Vida Libre de Violencia del Distrito Federal,0.9937106918238994,mencion_reglamento
74FF23BF_37,REGLAMENTODELALEYDEACCESODELASMUJERESAUNAVIDALIBREDEVIOLENCIADELACIUDADDEMEXICO,REGLAMENTODELALEYDEACCESODELASMUJERESAUNAVIDALIBREDEVIOLENCIADELADISTRITOFEDERAL,created,768F07C4,Reglamento de la Ley de Acceso de las Mujeres a una Vida Libre de Violencia del Distrito Federal,0.9937106918238994,mencion_reglamento
74FF23BF_39,REGLAMENTODELALEYDEACCESODELASMUJERESAUNAVIDALIBREDEVIOLENCIADELACIUDADDEMEXICO,REGLAMENTODELALEYDEACCESODELASMUJERESAUNAVIDALIBREDEVIOLENCIADELADISTRITOFEDERAL,created,768F07C4,Reglamento de la Ley de Acceso de las Mujeres a una Vida Libre de Violencia del Distrito Federal,0.9937106918238994,mencion_reglamento
74FF23BF_42,REGLAMENTODELALEYDEACCESODELASMUJERESAUNAVIDALIBREDEVIOLENCIADELACIUDADDEMEXICO,REGLAMENTODELALEYDEACCESODELASMUJERESAUNAVIDALIBREDEVIOLENCIADELADISTRITOFEDERAL,created,768F07C4,Reglamento de la Ley de Acceso de las Mujeres a una Vida Libre de Violencia del Distrito Federal,0.9937106918238994,mencion_reglamento
74FF23BF_48,REGLAMENTODELALEYDEACCESODELASMUJERESAUNAVIDALIBREDEVIOLENCIADELACIUDADDEMEXICO,REGLAMENTODELALEYDEACCESODELASMUJERESAUNAVIDALIBREDEVIOLENCIADELADISTRITOFEDERAL,created,768F07C4,Reglamento de la Ley de Acceso de las Mujeres a una Vida Libre de Violencia del Distrito Federal,0.9937106918238994,mencion_reglamento
BA76459A_3,REGLAMENTODELALEYDEDESARROLLOURBANODELDISTRITOFEDERAL,REGLAMENTODELALEYDEDESARROLLOURBANODELDISTRITOFEDERAL,original,483FF7A5,Reglamento de la Ley de Desarrollo Urbano del Distrito Federal,1.0,mencion_reglamento
BA76459A_3,REGLAMENTODELALEYDEDESARROLLOURBANODELDISTRITOFEDERAL,REGLAMENTODELALEYDEDESARROLLOURBANODELDISTRITOFEDERAL,original,483FF7A5,Reglamento de la Ley de Desarrollo Urbano del Distrito Federal,1.0,mencion_reglamento
BA76459A_7,REGLAMENTODELALEYDEDESARROLLOURBANODELDISTRITOFEDERAL,REGLAMENTODELALEYDEDESARROLLOURBANODELDISTRITOFEDERAL,original,483FF7A5,Reglamento de la Ley de Desarrollo Urbano del Distrito Federal,1.0,mencion_reglamento
BA76459A_7,REGLAMENTODELALEYDEDESARROLLOURBANODELDISTRITOFEDERAL,REGLAMENTODELALEYDEDESARROLLOURBANODELDISTRITOFEDERAL,original,483FF7A5,Reglamento de la Ley de Desarrollo Urbano del Distrito Federal,1.0,mencion_reglamento
BA76459A_7,REGLAMENTODELALEYDEDESARROLLOURBANODELDISTRITOFEDERAL,REGLAMENTODELALEYDEDESARROLLOURBANODELDISTRITOFEDERAL,original,483FF7A5,Reglamento de la Ley de Desarrollo Urbano del Distrito Federal,1.0,mencion_reglamento
BA76459A_7,REGLAMENTODELALEYDEDESARROLLOURBANODELDISTRITOFEDERAL,REGLAMENTODELALEYDEDESARROLLOURBANODELDISTRITOFEDERAL,original,483FF7A5,Reglamento de la Ley de Desarrollo Urbano del Distrito Federal,1.0,mencion_reglamento
BA76459A_8,REGLAMENTODELALEYDEDESARROLLOURBANODELDISTRITOFEDERAL,REGLAMENTODELALEYDEDESARROLLOURBANODELDISTRITOFEDERAL,original,483FF7A5,Reglamento de la Ley de Desarrollo Urbano del Distrito Federal,1.0,mencion_reglamento
BA76459A_8,REGLAMENTODELALEYDEDESARROLLOURBANODELDISTRITOFEDERAL,REGLAMENTODELALEYDEDESARROLLOURBANODELDISTRITOFEDERAL,original,483FF7A5,Reglamento de la Ley de Desarrollo Urbano del Distrito Federal,1.0,mencion_reglamento
BA76459A_8,REGLAMENTODELALEYDEDESARROLLOURBANODELDISTRITOFEDERAL,REGLAMENTODELALEYDEDESARROLLOURBANODELDISTRITOFEDERAL,original,483FF7A5,Reglamento de la Ley de Desarrollo Urbano del Distrito Federal,1.0,mencion_reglamento
BA76459A_8,REGLAMENTODELALEYDEDESARROLLOURBANODELDISTRITOFEDERAL,REGLAMENTODELALEYDEDESARROLLOURBANODELDISTRITOFEDERAL,original,483FF7A5,Reglamento de la Ley de Desarrollo Urbano del Distrito Federal,1.0,mencion_reglamento
BA76459A_8,REGLAMENTODELALEYDEDESARROLLOURBANODELDISTRITOFEDERAL,REGLAMENTODELALEYDEDESARROLLOURBANODELDISTRITOFEDERAL,original,483FF7A5,Reglamento de la Ley de Desarrollo Urbano del Distrito Federal,1.0,mencion_reglamento
BA76459A_8,REGLAMENTODELALEYDEDESARROLLOURBANODELDISTRITOFEDERAL,REGLAMENTODELALEYDEDESARROLLOURBANODELDISTRITOFEDERAL,original,483FF7A5,Reglamento de la Ley de Desarrollo Urbano del Distrito Federal,1.0,mencion_reglamento
BA76459A_58,REGLAMENTODELALEYDEDESARROLLOURBANODELDISTRITOFEDERAL,REGLAMENTODELALEYDEDESARROLLOURBANODELDISTRITOFEDERAL,original,483FF7A5,Reglamento de la Ley de Desarrollo Urbano del Distrito Federal,1.0,mencion_reglamento
BA76459A_58,REGLAMENTODELALEYDEDESARROLLOURBANODELDISTRITOFEDERAL,REGLAMENTODELALEYDEDESARROLLOURBANODELDISTRITOFEDERAL,original,483FF7A5,Reglamento de la Ley de Desarrollo Urbano del Distrito Federal,1.0,mencion_reglamento
BA76459A_64,REGLAMENTODELALEYDEDESARROLLOURBANODELDISTRITOFEDERAL,REGLAMENTODELALEYDEDESARROLLOURBANODELDISTRITOFEDERAL,original,483FF7A5,Reglamento de la Ley de Desarrollo Urbano del Distrito Federal,1.0,mencion_reglamento
BA76459A_64,REGLAMENTODELALEYDEDESARROLLOURBANODELDISTRITOFEDERAL,REGLAMENTODELALEYDEDESARROLLOURBANODELDISTRITOFEDERAL,original,483FF7A5,Reglamento de la Ley de Desarrollo Urbano del Distrito Federal,1.0,mencion_reglamento
BA76459A_94BIS,REGLAMENTODELALEYDEDESARROLLOURBANODELDISTRITOFEDERAL,REGLAMENTODELALEYDEDESARROLLOURBANODELDISTRITOFEDERAL,original,483FF7A5,Reglamento de la Ley de Desarrollo Urbano del Distrito Federal,1.0,mencion_reglamento
0635A949_32,REGLAMENTODELALEYDELREGIMENPATRIMONIALYDELSERVICIOPUBLICO,REGLAMENTODELALEYDELREGIMENPATRIMONIALYDELSERVICIOPUBLICO,,,,0.0,mencion_reglamento
0635A949_32,REGLAMENTODELALEYDELREGIMENPATRIMONIALYDELSERVICIOPUBLICO,REGLAMENTODELALEYDELREGIMENPATRIMONIALYDELSERVICIOPUBLICO,,,,0.0,mencion_reglamento
09ACB34D_30,REGLAMENTODELALEYDELOSDERECHOSCULTURALESDELOSHABITANTESYVISITANTESDELACIUDADDEMEXICO,REGLAMENTODELALEYDELOSDERECHOSCULTURALESDELOSHABITANTESYVISITANTESDELADISTRITOFEDERAL,,,,0.0,mencion_reglamento
D210670F_9,REGLAMENTODELALEYDEHUERTOSURBANOSDELACIUDADDEMEXICO,REGLAMENTODELALEYDEHUERTOSURBANOSDELADISTRITOFEDERAL,original,868D8A4A,Reglamento de la Ley de Huertos Urbanos de la Ciudad de Mexico,1.0,mencion_reglamento
0F3E9F09_8,REGLAMENTODELALEYQUEESTABLECEELDERECHOARECIBIRUNAPOYOALIMENTARIOALASMADRESSOLASDEESCASOSRECURSOSRESIDENTESENLACIUDADDEMEXICO,REGLAMENTODELALEYQUEESTABLECEELDERECHOARECIBIRUNAPOYOALIMENTARIOALASMADRESSOLASDEESCASOSRECURSOSRESIDENTESENLADISTRITOFEDERAL,,,,0.0,mencion_reglamento
79188754_4,REGLAMENTODELALEYDEEJECUCIONDESANCIONESPENALESYREINSERCIONSOCIALPARADISTRITOFEDERAL,REGLAMENTODELALEYDEEJECUCIONDESANCIONESPENALESYREINSERCIONSOCIALPARADISTRITOFEDERAL,original,660CBA22,Reglamento de la Ley de Ejecucion de Sanciones Penales y Reinsercion Social para el Distrito Federal,0.9880952380952381,mencion_reglamento
79188754_24,REGLAMENTODELALEYDEEJECUCIONDESANCIONESPENALESYREINSERCIONSOCIALPARADISTRITOFEDERAL,REGLAMENTODELALEYDEEJECUCIONDESANCIONESPENALESYREINSERCIONSOCIALPARADISTRITOFEDERAL,original,660CBA22,Reglamento de la Ley de Ejecucion de Sanciones Penales y Reinsercion Social para el Distrito Federal,0.9880952380952381,mencion_reglamento
79188754_31,REGLAMENTODELALEYDEEJECUCIONDESANCIONESPENALESYREINSERCIONSOCIALPARADISTRITOFEDERAL,REGLAMENTODELALEYDEEJECUCIONDESANCIONESPENALESYREINSERCIONSOCIALPARADISTRITOFEDERAL,original,660CBA22,Reglamento de la Ley de Ejecucion de Sanciones Penales y Reinsercion Social para el Distrito Federal,0.9880952380952381,mencion_reglamento
79188754_31,REGLAMENTODELALEYDEEJECUCIONDESANCIONESPENALESYREINSERCIONSOCIALPARADISTRITOFEDERAL,REGLAMENTODELALEYDEEJECUCIONDESANCIONESPENALESYREINSERCIONSOCIALPARADISTRITOFEDERAL,original,660CBA22,Reglamento de la Ley de Ejecucion de Sanciones Penales y Reinsercion Social para el Distrito Federal,0.9880952380952381,mencion_reglamento
79188754_127,REGLAMENTODELALEYDEEJECUCIONDESANCIONESPENALESYREINSERCIONSOCIALPARADISTRITOFEDERAL,REGLAMENTODELALEYDEEJECUCIONDESANCIONESPENALESYREINSERCIONSOCIALPARADISTRITOFEDERAL,original,660CBA22,Reglamento de la Ley de Ejecucion de Sanciones Penales y Reinsercion Social para el Distrito Federal,0.9880952380952381,mencion_reglamento
79188754_148,REGLAMENTODELALEYDEEJECUCIONDESANCIONESPENALESYREINSERCIONSOCIALPARADISTRITOFEDERAL,REGLAMENTODELALEYDEEJECUCIONDESANCIONESPENALESYREINSERCIONSOCIALPARADISTRITOFEDERAL,original,660CBA22,Reglamento de la Ley de Ejecucion de Sanciones Penales y Reinsercion Social para el Distrito Federal,0.9880952380952381,mencion_reglamento
79188754_154,REGLAMENTODELALEYDEEJECUCIONDESANCIONESPENALESYREINSERCIONSOCIALPARADISTRITOFEDERAL,REGLAMENTODELALEYDEEJECUCIONDESANCIONESPENALESYREINSERCIONSOCIALPARADISTRITOFEDERAL,original,660CBA22,Reglamento de la Ley de Ejecucion de Sanciones Penales y Reinsercion Social para el Distrito Federal,0.9880952380952381,mencion_reglamento
4BDFB9DB_43,REGLAMENTODELALEYDEPLANEACIONDEMOGRAFICAYESTADISTICAPARALAPOBLACIONDELDISTRITOFEDERAL,REGLAMENTODELALEYDEPLANEACIONDEMOGRAFICAYESTADISTICAPARALAPOBLACIONDELDISTRITOFEDERAL,,,,0.0,mencion_reglamento
2AC4D6C6_17,REGLAMENTODELALEYPARALAPROTECCIONINTEGRALDEPERSONASDEFENSORASDEDERECHOSHUMANOSYPERIODISTASDELDISTRITOFEDERAL,REGLAMENTODELALEYPARALAPROTECCIONINTEGRALDEPERSONASDEFENSORASDEDERECHOSHUMANOSYPERIODISTASDELDISTRITOFEDERAL,,,,0.0,mencion_reglamento
2AC4D6C6_25,REGLAMENTODELALEYPARALAPROTECCIONINTEGRALDEPERSONASDEFENSORASDEDERECHOSHUMANOSYPERIODISTASDELDISTRITOFEDERAL,REGLAMENTODELALEYPARALAPROTECCIONINTEGRALDEPERSONASDEFENSORASDEDERECHOSHUMANOSYPERIODISTASDELDISTRITOFEDERAL,,,,0.0,mencion_reglamento
F1D0E35F_5,REGLAMENTODELALEYDELADEFENSORIAPUBLICADELDISTRITOFEDERAL,REGLAMENTODELALEYDELADEFENSORIAPUBLICADELDISTRITOFEDERAL,,,,0.0,mencion_reglamento
F1D0E35F_7,REGLAMENTODELALEYDELADEFENSORIAPUBLICADELDISTRITOFEDERAL,REGLAMENTODELALEYDELADEFENSORIAPUBLICADELDISTRITOFEDERAL,,,,0.0,mencion_reglamento
F1D0E35F_19,REGLAMENTODELALEYDELADEFENSORIAPUBLICADELDISTRITOFEDERAL,REGLAMENTODELALEYDELADEFENSORIAPUBLICADELDISTRITOFEDERAL,,,,0.0,mencion_reglamento
F1D0E35F_25,REGLAMENTODELALEYDELADEFENSORIAPUBLICADELDISTRITOFEDERAL,REGLAMENTODELALEYDELADEFENSORIAPUBLICADELDISTRITOFEDERAL,,,,0.0,mencion_reglamento
F1D0E35F_30,REGLAMENTODELALEYDELADEFENSORIAPUBLICADELDISTRITOFEDERAL,REGLAMENTODELALEYDELADEFENSORIAPUBLICADELDISTRITOFEDERAL,,,,0.0,mencion_reglamento
F1D0E35F_45,REGLAMENTODELALEYDELADEFENSORIAPUBLICADELDISTRITOFEDERAL,REGLAMENTODELALEYDELADEFENSORIAPUBLICADELDISTRITOFEDERAL,,,,0.0,mencion_reglamento
3C5257D6_84,REGLAMENTODELALEYDECENTROSPENITENCIARIOSDELACIUDADDEMEXICO,REGLAMENTODELALEYDECENTROSPENITENCIARIOSDELADISTRITOFEDERAL,original,6D0C4493,Reglamento de la Ley de Centros Penitenciarios de la Ciudad de Mexico,1.0,mencion_reglamento
3C5257D6_96,REGLAMENTODELALEYDECENTROSPENITENCIARIOSDELACIUDADDEMEXICO,REGLAMENTODELALEYDECENTROSPENITENCIARIOSDELADISTRITOFEDERAL,original,6D0C4493,Reglamento de la Ley de Centros Penitenciarios de la Ciudad de Mexico,1.0,mencion_reglamento
3C5257D6_128,REGLAMENTODELALEYDECENTROSPENITENCIARIOSDELACIUDADDEMEXICO,REGLAMENTODELALEYDECENTROSPENITENCIARIOSDELADISTRITOFEDERAL,original,6D0C4493,Reglamento de la Ley de Centros Penitenciarios de la Ciudad de Mexico,1.0,mencion_reglamento
3C5257D6_138,REGLAMENTODELALEYDECENTROSPENITENCIARIOSDELACIUDADDEMEXICO,REGLAMENTODELALEYDECENTROSPENITENCIARIOSDELADISTRITOFEDERAL,original,6D0C4493,Reglamento de la Ley de Centros Penitenciarios de la Ciudad de Mexico,1.0,mencion_reglamento
7CAEE9BB_9,REGLAMENTODELALEYQUEREGULAELUSODETECNOLOGIAPARALASEGURIDADPUBLICADELDISTRITOFEDERAL,REGLAMENTODELALEYQUEREGULAELUSODETECNOLOGIAPARALASEGURIDADPUBLICADELDISTRITOFEDERAL,,,,0.0,mencion_reglamento
7CAEE9BB_14,REGLAMENTODELALEYQUEREGULAELUSODETECNOLOGIAPARALASEGURIDADPUBLICADELDISTRITOFEDERAL,REGLAMENTODELALEYQUEREGULAELUSODETECNOLOGIAPARALASEGURIDADPUBLICADELDISTRITOFEDERAL,,,,0.0,mencion_reglamento
7CAEE9BB_17,REGLAMENTODELALEYQUEREGULAELUSODETECNOLOGIAPARALASEGURIDADPUBLICADELDISTRITOFEDERAL,REGLAMENTODELALEYQUEREGULAELUSODETECNOLOGIAPARALASEGURIDADPUBLICADELDISTRITOFEDERAL,,,,0.0,mencion_reglamento
82EC20CA_10,REGLAMENTODELALEYDERESIDUOSSOLIDOSDELDISTRITOFEDERAL,REGLAMENTODELALEYDERESIDUOSSOLIDOSDELDISTRITOFEDERAL,original,E8F2DF9A,Reglamento de la Ley de Residuos Solidos del Distrito Federal,1.0,mencion_reglamento
82EC20CA_18,REGLAMENTODELALEYDERESIDUOSSOLIDOSDELDISTRITOFEDERAL,REGLAMENTODELALEYDERESIDUOSSOLIDOSDELDISTRITOFEDERAL,original,E8F2DF9A,Reglamento de la Ley de Residuos Solidos del Distrito Federal,1.0,mencion_reglamento
82EC20CA_33,REGLAMENTODELALEYDERESIDUOSSOLIDOSDELDISTRITOFEDERAL,REGLAMENTODELALEYDERESIDUOSSOLIDOSDELDISTRITOFEDERAL,original,E8F2DF9A,Reglamento de la Ley de Residuos Solidos del Distrito Federal,1.0,mencion_reglamento
A92D78A0_9,REGLAMENTODELALEYDEMOVILIDADDELACIUDADDEMEXICO,REGLAMENTODELALEYDEMOVILIDADDELADISTRITOFEDERAL,original,C22DAF01,Reglamento de la Ley de Movilidad de la Ciudad de Mexico,1.0,mencion_reglamento
A92D78A0_9,REGLAMENTODELALEYDEMOVILIDADDELACIUDADDEMEXICO,REGLAMENTODELALEYDEMOVILIDADDELADISTRITOFEDERAL,original,C22DAF01,Reglamento de la Ley de Movilidad de la Ciudad de Mexico,1.0,mencion_reglamento
A92D78A0_9,REGLAMENTODELALEYDEMOVILIDADDELACIUDADDEMEXICO,REGLAMENTODELALEYDEMOVILIDADDELADISTRITOFEDERAL,original,C22DAF01,Reglamento de la Ley de Movilidad de la Ciudad de Mexico,1.0,mencion_reglamento
A92D78A0_9,REGLAMENTODELALEYDEMOVILIDADDELACIUDADDEMEXICO,REGLAMENTODELALEYDEMOVILIDADDELADISTRITOFEDERAL,original,C22DAF01,Reglamento de la Ley de Movilidad de la Ciudad de Mexico,1.0,mencion_reglamento
A92D78A0_84,REGLAMENTODELALEYDEMOVILIDADDELACIUDADDEMEXICO,REGLAMENTODELALEYDEMOVILIDADDELADISTRITOFEDERAL,original,C22DAF01,Reglamento de la Ley de Movilidad de la Ciudad de Mexico,1.0,mencion_reglamento
A92D78A0_84,REGLAMENTODELALEYDEMOVILIDADDELACIUDADDEMEXICO,REGLAMENTODELALEYDEMOVILIDADDELADISTRITOFEDERAL,original,C22DAF01,Reglamento de la Ley de Movilidad de la Ciudad de Mexico,1.0,mencion_reglamento
A92D78A0_124,REGLAMENTODELALEYDEMOVILIDADDELACIUDADDEMEXICO,REGLAMENTODELALEYDEMOVILIDADDELADISTRITOFEDERAL,original,C22DAF01,Reglamento de la Ley de Movilidad de la Ciudad de Mexico,1.0,mencion_reglamento
A92D78A0_124,REGLAMENTODELALEYDEMOVILIDADDELACIUDADDEMEXICO,REGLAMENTODELALEYDEMOVILIDADDELADISTRITOFEDERAL,original,C22DAF01,Reglamento de la Ley de Movilidad de la Ciudad de Mexico,1.0,mencion_reglamento
A92D78A0_160,REGLAMENTODELALEYDEMOVILIDADDELACIUDADDEMEXICO,REGLAMENTODELALEYDEMOVILIDADDELADISTRITOFEDERAL,original,C22DAF01,Reglamento de la Ley de Movilidad de la Ciudad de Mexico,1.0,mencion_reglamento
A92D78A0_261,REGLAMENTODELALEYDEMOVILIDADDELACIUDADDEMEXICO,REGLAMENTODELALEYDEMOVILIDADDELADISTRITOFEDERAL,original,C22DAF01,Reglamento de la Ley de Movilidad de la Ciudad de Mexico,1.0,mencion_reglamento
A92D78A0_261,REGLAMENTODELALEYDEMOVILIDADDELACIUDADDEMEXICO,REGLAMENTODELALEYDEMOVILIDADDELADISTRITOFEDERAL,original,C22DAF01,Reglamento de la Ley de Movilidad de la Ciudad de Mexico,1.0,mencion_reglamento
2B5D3921_6,REGLAMENTODELALEYDEBEBESEGURODELACIUDADDEMEXICO,REGLAMENTODELALEYDEBEBESEGURODELADISTRITOFEDERAL,,,,0.0,mencion_reglamento
2B5D3921_16,REGLAMENTODELALEYDEBEBESEGURODELACIUDADDEMEXICO,REGLAMENTODELALEYDEBEBESEGURODELADISTRITOFEDERAL,,,,0.0,mencion_reglamento
926E4541_8,REGLAMENTODELALEYDELAINFRAESTRUCTURAFISICAEDUCATIVADELDISTRITOFEDERAL,REGLAMENTODELALEYDELAINFRAESTRUCTURAFISICAEDUCATIVADELDISTRITOFEDERAL,original,8CDA7AB3,Reglamento de la Ley de la Infraestructura Fisica Educativa del Distrito Federal,1.0,mencion_reglamento
926E4541_12,REGLAMENTODELALEYDELAINFRAESTRUCTURAFISICAEDUCATIVADELDISTRITOFEDERAL,REGLAMENTODELALEYDELAINFRAESTRUCTURAFISICAEDUCATIVADELDISTRITOFEDERAL,original,8CDA7AB3,Reglamento de la Ley de la Infraestructura Fisica Educativa del Distrito Federal,1.0,mencion_reglamento
926E4541_14,REGLAMENTODELALEYDELAINFRAESTRUCTURAFISICAEDUCATIVADELDISTRITOFEDERAL,REGLAMENTODELALEYDELAINFRAESTRUCTURAFISICAEDUCATIVADELDISTRITOFEDERAL,original,8CDA7AB3,Reglamento de la Ley de la Infraestructura Fisica Educativa del Distrito Federal,1.0,mencion_reglamento
926E4541_18,REGLAMENTODELALEYDELAINFRAESTRUCTURAFISICAEDUCATIVADELDISTRITOFEDERAL,REGLAMENTODELALEYDELAINFRAESTRUCTURAFISICAEDUCATIVADELDISTRITOFEDERAL,original,8CDA7AB3,Reglamento de la Ley de la Infraestructura Fisica Educativa del Distrito Federal,1.0,mencion_reglamento
5EE2A814_7,REGLAMENTODELALEYDEFOMENTOALASACTIVIDADESDEDESARROLLOSOCIALDELASORGANIZACIONESCIVILESPARAELDISTRITOFEDERAL,REGLAMENTODELALEYDEFOMENTOALASACTIVIDADESDEDESARROLLOSOCIALDELASORGANIZACIONESCIVILESPARAELDISTRITOFEDERAL,original,3C02B1F0,Reglamento de la Ley de Fomento a las Actividades de Desarrollo Social de las Organizaciones Civiles para el Distrito Federal,1.0,mencion_reglamento
5EE2A814_7,REGLAMENTODELALEYDEFOMENTOALASACTIVIDADESDEDESARROLLOSOCIALDELASORGANIZACIONESCIVILESPARAELDISTRITOFEDERAL,REGLAMENTODELALEYDEFOMENTOALASACTIVIDADESDEDESARROLLOSOCIALDELASORGANIZACIONESCIVILESPARAELDISTRITOFEDERAL,original,3C02B1F0,Reglamento de la Ley de Fomento a las Actividades de Desarrollo Social de las Organizaciones Civiles para el Distrito Federal,1.0,mencion_reglamento
5EE2A814_12,REGLAMENTODELALEYDEFOMENTOALASACTIVIDADESDEDESARROLLOSOCIALDELASORGANIZACIONESCIVILESPARAELDISTRITOFEDERAL,REGLAMENTODELALEYDEFOMENTOALASACTIVIDADESDEDESARROLLOSOCIALDELASORGANIZACIONESCIVILESPARAELDISTRITOFEDERAL,original,3C02B1F0,Reglamento de la Ley de Fomento a las Actividades de Desarrollo Social de las Organizaciones Civiles para el Distrito Federal,1.0,mencion_reglamento
0CB5F9A5_8,REGLAMENTODELALEYDESALUDMENTALDELDISTRITOFEDERAL,REGLAMENTODELALEYDESALUDMENTALDELDISTRITOFEDERAL,original,2DC6EAD9,Reglamento de la Ley de Salud Mental para el Distrito Federal,0.9494949494949495,mencion_reglamento
0CB5F9A5_13,REGLAMENTODELALEYDESALUDMENTALDELDISTRITOFEDERAL,REGLAMENTODELALEYDESALUDMENTALDELDISTRITOFEDERAL,original,2DC6EAD9,Reglamento de la Ley de Salud Mental para el Distrito Federal,0.9494949494949495,mencion_reglamento
0CB5F9A5_15,REGLAMENTODELALEYDESALUDMENTALDELDISTRITOFEDERAL,REGLAMENTODELALEYDESALUDMENTALDELDISTRITOFEDERAL,original,2DC6EAD9,Reglamento de la Ley de Salud Mental para el Distrito Federal,0.9494949494949495,mencion_reglamento
0CB5F9A5_38,REGLAMENTODELALEYDESALUDMENTALDELDISTRITOFEDERAL,REGLAMENTODELALEYDESALUDMENTALDELDISTRITOFEDERAL,original,2DC6EAD9,Reglamento de la Ley de Salud Mental para el Distrito Federal,0.9494949494949495,mencion_reglamento
99BF2672_2,REGLAMENTODELALEYDELOSDERECHOSDELASPERSONASJOVENESENLACIUDADDEMEXICO,REGLAMENTODELALEYDELOSDERECHOSDELASPERSONASJOVENESENLADISTRITOFEDERAL,original,ECB46289,Reglamento de la Ley de los derechos de las Personas Jovenes en la Ciudad de Mexico,1.0,mencion_reglamento
99BF2672_128,REGLAMENTODELALEYDELOSDERECHOSDELASPERSONASJOVENESENLACIUDADDEMEXICO,REGLAMENTODELALEYDELOSDERECHOSDELASPERSONASJOVENESENLADISTRITOFEDERAL,original,ECB46289,Reglamento de la Ley de los derechos de las Personas Jovenes en la Ciudad de Mexico,1.0,mencion_reglamento
99BF2672_129,REGLAMENTODELALEYDELOSDERECHOSDELASPERSONASJOVENESENLACIUDADDEMEXICO,REGLAMENTODELALEYDELOSDERECHOSDELASPERSONASJOVENESENLADISTRITOFEDERAL,original,ECB46289,Reglamento de la Ley de los derechos de las Personas Jovenes en la Ciudad de Mexico,1.0,mencion_reglamento
99BF2672_134,REGLAMENTODELALEYDELOSDERECHOSDELASPERSONASJOVENESENLACIUDADDEMEXICO,REGLAMENTODELALEYDELOSDERECHOSDELASPERSONASJOVENESENLADISTRITOFEDERAL,original,ECB46289,Reglamento de la Ley de los derechos de las Personas Jovenes en la Ciudad de Mexico,1.0,mencion_reglamento
99BF2672_146,REGLAMENTODELALEYDELOSDERECHOSDELASPERSONASJOVENESENLACIUDADDEMEXICO,REGLAMENTODELALEYDELOSDERECHOSDELASPERSONASJOVENESENLADISTRITOFEDERAL,original,ECB46289,Reglamento de la Ley de los derechos de las Personas Jovenes en la Ciudad de Mexico,1.0,mencion_reglamento
D26A0A36_15,REGLAMENTODELALEYDEPROTECCIONYBIENESTARDELOSANIMALESDELACIUDADDEMEXICO,REGLAMENTODELALEYDEPROTECCIONYBIENESTARDELOSANIMALESDELADISTRITOFEDERAL,created,CE7E985D,Reglamento de la Ley de Proteccion a los Animales del Distrito Federal,0.9076923076923077,mencion_reglamento
D26A0A36_35,REGLAMENTODELALEYDEPROTECCIONYBIENESTARDELOSANIMALESDELACIUDADDEMEXICO,REGLAMENTODELALEYDEPROTECCIONYBIENESTARDELOSANIMALESDELADISTRITOFEDERAL,created,CE7E985D,Reglamento de la Ley de Proteccion a los Animales del Distrito Federal,0.9076923076923077,mencion_reglamento
D26A0A36_37,REGLAMENTODELALEYDEPROTECCIONYBIENESTARDELOSANIMALESDELACIUDADDEMEXICO,REGLAMENTODELALEYDEPROTECCIONYBIENESTARDELOSANIMALESDELADISTRITOFEDERAL,created,CE7E985D,Reglamento de la Ley de Proteccion a los Animales del Distrito Federal,0.9076923076923077,mencion_reglamento
D26A0A36_39,REGLAMENTODELALEYDEPROTECCIONYBIENESTARDELOSANIMALESDELACIUDADDEMEXICO,REGLAMENTODELALEYDEPROTECCIONYBIENESTARDELOSANIMALESDELADISTRITOFEDERAL,created,CE7E985D,Reglamento de la Ley de Proteccion a los Animales del Distrito Federal,0.9076923076923077,mencion_reglamento
D26A0A36_41,REGLAMENTODELALEYDEPROTECCIONYBIENESTARDELOSANIMALESDELACIUDADDEMEXICO,REGLAMENTODELALEYDEPROTECCIONYBIENESTARDELOSANIMALESDELADISTRITOFEDERAL,created,CE7E985D,Reglamento de la Ley de Proteccion a los Animales del Distrito Federal,0.9076923076923077,mencion_reglamento
D26A0A36_42,REGLAMENTODELALEYDEPROTECCIONYBIENESTARDELOSANIMALESDELACIUDADDEMEXICO,REGLAMENTODELALEYDEPROTECCIONYBIENESTARDELOSANIMALESDELADISTRITOFEDERAL,created,CE7E985D,Reglamento de la Ley de Proteccion a los Animales del Distrito Federal,0.9076923076923077,mencion_reglamento
D26A0A36_59BIS,REGLAMENTODELALEYDEPROTECCIONYBIENESTARDELOSANIMALESDELACIUDADDEMEXICO,REGLAMENTODELALEYDEPROTECCIONYBIENESTARDELOSANIMALESDELADISTRITOFEDERAL,created,CE7E985D,Reglamento de la Ley de Proteccion a los Animales del Distrito Federal,0.9076923076923077,mencion_reglamento
C898E859_4,REGLAMENTODELALEYPARALAINTEGRACIONALDESARROLLODELASPERSONASCONDISCAPACIDADDELACIUDADDEMEXICO,REGLAMENTODELALEYPARALAINTEGRACIONALDESARROLLODELASPERSONASCONDISCAPACIDADDELADISTRITOFEDERAL,original,91D4E6C7,Reglamento de la Ley para la Integracion al Desarrollo de las Personas con Discapacidad de la Ciudad de Mexico,1.0,mencion_reglamento
1AE432AF_3,REGLAMENTODELALEYPARAELDESARROLLODELACOMPETITIVIDADDELAMICROPEQUENAYMEDIANAEMPRESADELDISTRITOFEDERAL,REGLAMENTODELALEYPARAELDESARROLLODELACOMPETITIVIDADDELAMICROPEQUENAYMEDIANAEMPRESADELDISTRITOFEDERAL,original,EFA16F5C,Reglamento de la Ley para el Desarrollo de la Competitividad de la Micro Pequena y Mediana Empresa del Distrito Federal,1.0,mencion_reglamento
1AE432AF_3,REGLAMENTODELALEYPARAELDESARROLLODELACOMPETITIVIDADDELAMICROPEQUENAYMEDIANAEMPRESADELDISTRITOFEDERAL,REGLAMENTODELALEYPARAELDESARROLLODELACOMPETITIVIDADDELAMICROPEQUENAYMEDIANAEMPRESADELDISTRITOFEDERAL,original,EFA16F5C,Reglamento de la Ley para el Desarrollo de la Competitividad de la Micro Pequena y Mediana Empresa del Distrito Federal,1.0,mencion_reglamento
110111A4_20,REGLAMENTODELALEYDEFOMENTOPARALALECTURAYELLIBRODELACIUDADDEMEXICO,REGLAMENTODELALEYDEFOMENTOPARALALECTURAYELLIBRODELADISTRITOFEDERAL,,,,0.0,mencion_reglamento
C9E1800E_4,REGLAMENTODELALEYDEINTERCULTURALIDADATENCIONAMIGRANTESYMOVILIDADHUMANAENELDISTRITOFEDERAL,REGLAMENTODELALEYDEINTERCULTURALIDADATENCIONAMIGRANTESYMOVILIDADHUMANAENELDISTRITOFEDERAL,original,C24F3487,Reglamento de la Ley de Interculturalidad Atencion a Migrantes y Movilidad Humana en el Distrito Federal,1.0,mencion_reglamento
C9E1800E_17,REGLAMENTODELALEYDEINTERCULTURALIDADATENCIONAMIGRANTESYMOVILIDADHUMANAENELDISTRITOFEDERAL,REGLAMENTODELALEYDEINTERCULTURALIDADATENCIONAMIGRANTESYMOVILIDADHUMANAENELDISTRITOFEDERAL,original,C24F3487,Reglamento de la Ley de Interculturalidad Atencion a Migrantes y Movilidad Humana en el Distrito Federal,1.0,mencion_reglamento
C9E1800E_20,REGLAMENTODELALEYDEINTERCULTURALIDADATENCIONAMIGRANTESYMOVILIDADHUMANAENELDISTRITOFEDERAL,REGLAMENTODELALEYDEINTERCULTURALIDADATENCIONAMIGRANTESYMOVILIDADHUMANAENELDISTRITOFEDERAL,original,C24F3487,Reglamento de la Ley de Interculturalidad Atencion a Migrantes y Movilidad Humana en el Distrito Federal,1.0,mencion_reglamento
C9E1800E_30,REGLAMENTODELALEYDEINTERCULTURALIDADATENCIONAMIGRANTESYMOVILIDADHUMANAENELDISTRITOFEDERAL,REGLAMENTODELALEYDEINTERCULTURALIDADATENCIONAMIGRANTESYMOVILIDADHUMANAENELDISTRITOFEDERAL,original,C24F3487,Reglamento de la Ley de Interculturalidad Atencion a Migrantes y Movilidad Humana en el Distrito Federal,1.0,mencion_reglamento
C9E1800E_30,REGLAMENTODELALEYDEINTERCULTURALIDADATENCIONAMIGRANTESYMOVILIDADHUMANAENELDISTRITOFEDERAL,REGLAMENTODELALEYDEINTERCULTURALIDADATENCIONAMIGRANTESYMOVILIDADHUMANAENELDISTRITOFEDERAL,original,C24F3487,Reglamento de la Ley de Interculturalidad Atencion a Migrantes y Movilidad Humana en el Distrito Federal,1.0,mencion_reglamento
C9E1800E_35,REGLAMENTODELALEYDEINTERCULTURALIDADATENCIONAMIGRANTESYMOVILIDADHUMANAENELDISTRITOFEDERAL,REGLAMENTODELALEYDEINTERCULTURALIDADATENCIONAMIGRANTESYMOVILIDADHUMANAENELDISTRITOFEDERAL,original,C24F3487,Reglamento de la Ley de Interculturalidad Atencion a Migrantes y Movilidad Humana en el Distrito Federal,1.0,mencion_reglamento
2911478C_4,REGLAMENTODELALEYDELINSTITUTODEVERIFICACIONADMINISTRATIVADELACIUDADDEMEXICO,REGLAMENTODELALEYDELINSTITUTODEVERIFICACIONADMINISTRATIVADELADISTRITOFEDERAL,,,,0.0,mencion_reglamento
BF2515FB_14,REGLAMENTODELALEYDEPUBLICIDADEXTERIORDELACIUDADDEMEXICO,REGLAMENTODELALEYDEPUBLICIDADEXTERIORDELADISTRITOFEDERAL,original,78266F48,Reglamento de la Ley de Publicidad Exterior de la Ciudad de Mexico,1.0,mencion_reglamento
BF2515FB_14,REGLAMENTODELALEYDEPUBLICIDADEXTERIORDELACIUDADDEMEXICO,REGLAMENTODELALEYDEPUBLICIDADEXTERIORDELADISTRITOFEDERAL,original,78266F48,Reglamento de la Ley de Publicidad Exterior de la Ciudad de Mexico,1.0,mencion_reglamento
BF2515FB_61,REGLAMENTODELALEYDEPUBLICIDADEXTERIORDELACIUDADDEMEXICO,REGLAMENTODELALEYDEPUBLICIDADEXTERIORDELADISTRITOFEDERAL,original,78266F48,Reglamento de la Ley de Publicidad Exterior de la Ciudad de Mexico,1.0,mencion_reglamento
B6DF65EC_43,REGLAMENTODELALEYDEESTABLECIMIENTOSMERCANTILESPARALACIUDADDEMEXICO,REGLAMENTODELALEYDEESTABLECIMIENTOSMERCANTILESPARALADISTRITOFEDERAL,original,7566EC96,Reglamento de la Ley de Establecimientos Mercantiles para la Ciudad de Mexico,1.0,mencion_reglamento
2926363C_82,REGLAMENTODELALEYDEINSTITUCIONESDEASISTENCIAPRIVADAPARAELDISTRITOFEDERAL,REGLAMENTODELALEYDEINSTITUCIONESDEASISTENCIAPRIVADAPARAELDISTRITOFEDERAL,original,67D50E96,Reglamento de la Ley de Instituciones de Asistencia Privada para el Distrito Federal,1.0,mencion_reglamento
2827D88F_61QUINQUIES,REGLAMENTODELALEYDETURISMODELACIUDADDEMEXICO,REGLAMENTODELALEYDETURISMODELADISTRITOFEDERAL,original,FAA2EE90,Reglamento de la Ley de Turismo de la Ciudad de Mexico,1.0,mencion_reglamento
2827D88F_61SEXIES,REGLAMENTODELALEYDETURISMODELACIUDADDEMEXICO,REGLAMENTODELALEYDETURISMODELADISTRITOFEDERAL,original,FAA2EE90,Reglamento de la Ley de Turismo de la Ciudad de Mexico,1.0,mencion_reglamento
2827D88F_61SEPTIES,REGLAMENTODELALEYDETURISMODELACIUDADDEMEXICO,REGLAMENTODELALEYDETURISMODELADISTRITOFEDERAL,original,FAA2EE90,Reglamento de la Ley de Turismo de la Ciudad de Mexico,1.0,mencion_reglamento
53142DC1_6,REGLAMENTODELALEYDEVOLUNTADANTICIPADAPARADISTRITOFEDERAL,REGLAMENTODELALEYDEVOLUNTADANTICIPADAPARADISTRITOFEDERAL,original,FE4C72B4,Reglamento de la Ley de Voluntad Anticipada para el Distrito Federal,0.9824561403508771,mencion_reglamento
3EF48D25_12,REGLAMENTODELALEYDELHEROICOCUERPODEBOMBEROSDELDISTRITOFEDERAL,REGLAMENTODELALEYDELHEROICOCUERPODEBOMBEROSDELDISTRITOFEDERAL,original,A04416EA,Reglamento de la Ley del Heroico Cuerpo de Bomberos del Distrito Federal,1.0,mencion_reglamento
3EF48D25_26,REGLAMENTODELALEYDELHEROICOCUERPODEBOMBEROSDELDISTRITOFEDERAL,REGLAMENTODELALEYDELHEROICOCUERPODEBOMBEROSDELDISTRITOFEDERAL,original,A04416EA,Reglamento de la Ley del Heroico Cuerpo de Bomberos del Distrito Federal,1.0,mencion_reglamento
3EF48D25_31,REGLAMENTODELALEYDELHEROICOCUERPODEBOMBEROSDELDISTRITOFEDERAL,REGLAMENTODELALEYDELHEROICOCUERPODEBOMBEROSDELDISTRITOFEDERAL,original,A04416EA,Reglamento de la Ley del Heroico Cuerpo de Bomberos del Distrito Federal,1.0,mencion_reglamento
3EF48D25_44,REGLAMENTODELALEYDELHEROICOCUERPODEBOMBEROSDELDISTRITOFEDERAL,REGLAMENTODELALEYDELHEROICOCUERPODEBOMBEROSDELDISTRITOFEDERAL,original,A04416EA,Reglamento de la Ley del Heroico Cuerpo de Bomberos del Distrito Federal,1.0,mencion_reglamento
3EF48D25_45,REGLAMENTODELALEYDELHEROICOCUERPODEBOMBEROSDELDISTRITOFEDERAL,REGLAMENTODELALEYDELHEROICOCUERPODEBOMBEROSDELDISTRITOFEDERAL,original,A04416EA,Reglamento de la Ley del Heroico Cuerpo de Bomberos del Distrito Federal,1.0,mencion_reglamento
3EF48D25_62,REGLAMENTODELALEYDELHEROICOCUERPODEBOMBEROSDELDISTRITOFEDERAL,REGLAMENTODELALEYDELHEROICOCUERPODEBOMBEROSDELDISTRITOFEDERAL,original,A04416EA,Reglamento de la Ley del Heroico Cuerpo de Bomberos del Distrito Federal,1.0,mencion_reglamento
5EE74A4A_12,REGLAMENTODELALEYDELACAJADEPREVISIONDELAPOLICIAPREVENTIVADELDISTRITOFEDERAL,REGLAMENTODELALEYDELACAJADEPREVISIONDELAPOLICIAPREVENTIVADELDISTRITOFEDERAL,original,7B5916CD,Reglamento de la Ley de la Caja de Privision de la Policia Preventiva del Distrito Federal,0.9866666666666667,mencion_reglamento
5EE74A4A_12,REGLAMENTODELALEYDELACAJADEPREVISIONDELAPOLICIAPREVENTIVADELDISTRITOFEDERAL,REGLAMENTODELALEYDELACAJADEPREVISIONDELAPOLICIAPREVENTIVADELDISTRITOFEDERAL,original,7B5916CD,Reglamento de la Ley de la Caja de Privision de la Policia Preventiva del Distrito Federal,0.9866666666666667,mencion_reglamento
5EE74A4A_40,REGLAMENTODELALEYDELACAJADEPREVISIONDELAPOLICIAPREVENTIVADELDISTRITOFEDERAL,REGLAMENTODELALEYDELACAJADEPREVISIONDELAPOLICIAPREVENTIVADELDISTRITOFEDERAL,original,7B5916CD,Reglamento de la Ley de la Caja de Privision de la Policia Preventiva del Distrito Federal,0.9866666666666667,mencion_reglamento
5EE74A4A_47,REGLAMENTODELALEYDELACAJADEPREVISIONDELAPOLICIAPREVENTIVADELDISTRITOFEDERAL,REGLAMENTODELALEYDELACAJADEPREVISIONDELAPOLICIAPREVENTIVADELDISTRITOFEDERAL,original,7B5916CD,Reglamento de la Ley de la Caja de Privision de la Policia Preventiva del Distrito Federal,0.9866666666666667,mencion_reglamento
5EE74A4A_47,REGLAMENTODELALEYDELACAJADEPREVISIONDELAPOLICIAPREVENTIVADELDISTRITOFEDERAL,REGLAMENTODELALEYDELACAJADEPREVISIONDELAPOLICIAPREVENTIVADELDISTRITOFEDERAL,original,7B5916CD,Reglamento de la Ley de la Caja de Privision de la Policia Preventiva del Distrito Federal,0.9866666666666667,mencion_reglamento
9DCF2D5E_20,REGLAMENTODELALEYDEDESARROLLOAGROPECUARIORURALYSUSTENTABLEDELACIUDADDEMEXICO,REGLAMENTODELALEYDEDESARROLLOAGROPECUARIORURALYSUSTENTABLEDELADISTRITOFEDERAL,created,F539C40E,"Reglamento de la Ley de Desarrollo Agropecuario, Rural y Sustentable del Distrito Federal",0.9934640522875817,mencion_reglamento
9DCF2D5E_21,REGLAMENTODELALEYDEDESARROLLOAGROPECUARIORURALYSUSTENTABLEDELACIUDADDEMEXICO,REGLAMENTODELALEYDEDESARROLLOAGROPECUARIORURALYSUSTENTABLEDELADISTRITOFEDERAL,created,F539C40E,"Reglamento de la Ley de Desarrollo Agropecuario, Rural y Sustentable del Distrito Federal",0.9934640522875817,mencion_reglamento
9DCF2D5E_37,REGLAMENTODELALEYDEDESARROLLOAGROPECUARIORURALYSUSTENTABLEDELACIUDADDEMEXICO,REGLAMENTODELALEYDEDESARROLLOAGROPECUARIORURALYSUSTENTABLEDELADISTRITOFEDERAL,created,F539C40E,"Reglamento de la Ley de Desarrollo Agropecuario, Rural y Sustentable del Distrito Federal",0.9934640522875817,mencion_reglamento
9DCF2D5E_37,REGLAMENTODELALEYDEDESARROLLOAGROPECUARIORURALYSUSTENTABLEDELACIUDADDEMEXICO,REGLAMENTODELALEYDEDESARROLLOAGROPECUARIORURALYSUSTENTABLEDELADISTRITOFEDERAL,created,F539C40E,"Reglamento de la Ley de Desarrollo Agropecuario, Rural y Sustentable del Distrito Federal",0.9934640522875817,mencion_reglamento
D95CE77C_15,REGLAMENTODELALEYDEVICTIMASPARALACIUDADDEMEXICO,REGLAMENTODELALEYDEVICTIMASPARALADISTRITOFEDERAL,original,BF99723E,Reglamento la Ley de Victimas para la Ciudad de Mexico,0.9782608695652174,mencion_reglamento
D95CE77C_117,REGLAMENTODELALEYDEVICTIMASPARALACIUDADDEMEXICO,REGLAMENTODELALEYDEVICTIMASPARALADISTRITOFEDERAL,original,BF99723E,Reglamento la Ley de Victimas para la Ciudad de Mexico,0.9782608695652174,mencion_reglamento
D95CE77C_129,REGLAMENTODELALEYDEVICTIMASPARALACIUDADDEMEXICO,REGLAMENTODELALEYDEVICTIMASPARALADISTRITOFEDERAL,original,BF99723E,Reglamento la Ley de Victimas para la Ciudad de Mexico,0.9782608695652174,mencion_reglamento
D95CE77C_130,REGLAMENTODELALEYDEVICTIMASPARALACIUDADDEMEXICO,REGLAMENTODELALEYDEVICTIMASPARALADISTRITOFEDERAL,original,BF99723E,Reglamento la Ley de Victimas para la Ciudad de Mexico,0.9782608695652174,mencion_reglamento
D95CE77C_157,REGLAMENTODELALEYDEVICTIMASPARALACIUDADDEMEXICO,REGLAMENTODELALEYDEVICTIMASPARALADISTRITOFEDERAL,original,BF99723E,Reglamento la Ley de Victimas para la Ciudad de Mexico,0.9782608695652174,mencion_reglamento
D95CE77C_162,REGLAMENTODELALEYDEVICTIMASPARALACIUDADDEMEXICO,REGLAMENTODELALEYDEVICTIMASPARALADISTRITOFEDERAL,original,BF99723E,Reglamento la Ley de Victimas para la Ciudad de Mexico,0.9782608695652174,mencion_reglamento
D95CE77C_170,REGLAMENTODELALEYDEVICTIMASPARALACIUDADDEMEXICO,REGLAMENTODELALEYDEVICTIMASPARALADISTRITOFEDERAL,original,BF99723E,Reglamento la Ley de Victimas para la Ciudad de Mexico,0.9782608695652174,mencion_reglamento
D95CE77C_170,REGLAMENTODELALEYDEVICTIMASPARALACIUDADDEMEXICO,REGLAMENTODELALEYDEVICTIMASPARALADISTRITOFEDERAL,original,BF99723E,Reglamento la Ley de Victimas para la Ciudad de Mexico,0.9782608695652174,mencion_reglamento
71029770_51,REGLAMENTODELALEYDESEGURIDADPRIVADAPARALACIUDADDEMEXICO,REGLAMENTODELALEYDESEGURIDADPRIVADAPARALADISTRITOFEDERAL,created,E0644EAF,Reglamento de la Ley de Seguridad Privada para el Distrito Federal,0.9821428571428571,mencion_reglamento
FFE8242A_9,REGLAMENTODELALEYDECIUDADANIADIGITALDELACIUDADDEMEXICO,REGLAMENTODELALEYDECIUDADANIADIGITALDELADISTRITOFEDERAL,,,,0.0,mencion_reglamento
FFE8242A_38,REGLAMENTODELALEYDECIUDADANIADIGITALDELACIUDADDEMEXICO,REGLAMENTODELALEYDECIUDADANIADIGITALDELADISTRITOFEDERAL,,,,0.0,mencion_reglamento
FFE8242A_47,REGLAMENTODELALEYDECIUDADANIADIGITALDELACIUDADDEMEXICO,REGLAMENTODELALEYDECIUDADANIADIGITALDELADISTRITOFEDERAL,,,,0.0,mencion_reglamento
FFE8242A_50,REGLAMENTODELALEYDECIUDADANIADIGITALDELACIUDADDEMEXICO,REGLAMENTODELALEYDECIUDADANIADIGITALDELADISTRITOFEDERAL,,,,0.0,mencion_reglamento
6C800A8E_4,REGLAMENTODELALEYPARAELRECONOCIMIENTOYLAATENCIONDELASPERSONASLGBTTTIDELACIUDADDEMEXICO,REGLAMENTODELALEYPARAELRECONOCIMIENTOYLAATENCIONDELASPERSONASLGBTTTIDELADISTRITOFEDERAL,,,,0.0,mencion_reglamento
36BD1180_8,REGLAMENTODELALEYPARALAPROMOCIONDELACONVIVENCIALIBREDEVIOLENCIAENELENTORNOESCOLARDELACIUDADDEMEXICO,REGLAMENTODELALEYPARALAPROMOCIONDELACONVIVENCIALIBREDEVIOLENCIAENELENTORNOESCOLARDELADISTRITOFEDERAL,created,19B16EE9,Reglamento de la Ley para la Promocion de la Convivencia Libre de Violencia en el Entorno Escolar del Distrito Federal,0.9949748743718593,mencion_reglamento
36BD1180_15,REGLAMENTODELALEYPARALAPROMOCIONDELACONVIVENCIALIBREDEVIOLENCIAENELENTORNOESCOLARDELACIUDADDEMEXICO,REGLAMENTODELALEYPARALAPROMOCIONDELACONVIVENCIALIBREDEVIOLENCIAENELENTORNOESCOLARDELADISTRITOFEDERAL,created,19B16EE9,Reglamento de la Ley para la Promocion de la Convivencia Libre de Violencia en el Entorno Escolar del Distrito Federal,0.9949748743718593,mencion_reglamento
36BD1180_16,REGLAMENTODELALEYPARALAPROMOCIONDELACONVIVENCIALIBREDEVIOLENCIAENELENTORNOESCOLARDELACIUDADDEMEXICO,REGLAMENTODELALEYPARALAPROMOCIONDELACONVIVENCIALIBREDEVIOLENCIAENELENTORNOESCOLARDELADISTRITOFEDERAL,created,19B16EE9,Reglamento de la Ley para la Promocion de la Convivencia Libre de Violencia en el Entorno Escolar del Distrito Federal,0.9949748743718593,mencion_reglamento
36BD1180_17,REGLAMENTODELALEYPARALAPROMOCIONDELACONVIVENCIALIBREDEVIOLENCIAENELENTORNOESCOLARDELACIUDADDEMEXICO,REGLAMENTODELALEYPARALAPROMOCIONDELACONVIVENCIALIBREDEVIOLENCIAENELENTORNOESCOLARDELADISTRITOFEDERAL,created,19B16EE9,Reglamento de la Ley para la Promocion de la Convivencia Libre de Violencia en el Entorno Escolar del Distrito Federal,0.9949748743718593,mencion_reglamento
36BD1180_18,REGLAMENTODELALEYPARALAPROMOCIONDELACONVIVENCIALIBREDEVIOLENCIAENELENTORNOESCOLARDELACIUDADDEMEXICO,REGLAMENTODELALEYPARALAPROMOCIONDELACONVIVENCIALIBREDEVIOLENCIAENELENTORNOESCOLARDELADISTRITOFEDERAL,created,19B16EE9,Reglamento de la Ley para la Promocion de la Convivencia Libre de Violencia en el Entorno Escolar del Distrito Federal,0.9949748743718593,mencion_reglamento
36BD1180_19,REGLAMENTODELALEYPARALAPROMOCIONDELACONVIVENCIALIBREDEVIOLENCIAENELENTORNOESCOLARDELACIUDADDEMEXICO,REGLAMENTODELALEYPARALAPROMOCIONDELACONVIVENCIALIBREDEVIOLENCIAENELENTORNOESCOLARDELADISTRITOFEDERAL,created,19B16EE9,Reglamento de la Ley para la Promocion de la Convivencia Libre de Violencia en el Entorno Escolar del Distrito Federal,0.9949748743718593,mencion_reglamento
36BD1180_20,REGLAMENTODELALEYPARALAPROMOCIONDELACONVIVENCIALIBREDEVIOLENCIAENELENTORNOESCOLARDELACIUDADDEMEXICO,REGLAMENTODELALEYPARALAPROMOCIONDELACONVIVENCIALIBREDEVIOLENCIAENELENTORNOESCOLARDELADISTRITOFEDERAL,created,19B16EE9,Reglamento de la Ley para la Promocion de la Convivencia Libre de Violencia en el Entorno Escolar del Distrito Federal,0.9949748743718593,mencion_reglamento
36BD1180_21,REGLAMENTODELALEYPARALAPROMOCIONDELACONVIVENCIALIBREDEVIOLENCIAENELENTORNOESCOLARDELACIUDADDEMEXICO,REGLAMENTODELALEYPARALAPROMOCIONDELACONVIVENCIALIBREDEVIOLENCIAENELENTORNOESCOLARDELADISTRITOFEDERAL,created,19B16EE9,Reglamento de la Ley para la Promocion de la Convivencia Libre de Violencia en el Entorno Escolar del Distrito Federal,0.9949748743718593,mencion_reglamento
36BD1180_41,REGLAMENTODELALEYPARALAPROMOCIONDELACONVIVENCIALIBREDEVIOLENCIAENELENTORNOESCOLARDELACIUDADDEMEXICO,REGLAMENTODELALEYPARALAPROMOCIONDELACONVIVENCIALIBREDEVIOLENCIAENELENTORNOESCOLARDELADISTRITOFEDERAL,created,19B16EE9,Reglamento de la Ley para la Promocion de la Convivencia Libre de Violencia en el Entorno Escolar del Distrito Federal,0.9949748743718593,mencion_reglamento
A4DE831B_30,REGLAMENTODELALEYDELDERECHOALACCESODISPOSICIONYSANEAMIENTODELAGUADELACIUDADDEMEXICO,REGLAMENTODELALEYDELDERECHOALACCESODISPOSICIONYSANEAMIENTODELAGUADELADISTRITOFEDERAL,,,,0.0,mencion_reglamento
A4DE831B_52,REGLAMENTODELALEYDELDERECHOALACCESODISPOSICIONYSANEAMIENTODELAGUADELACIUDADDEMEXICO,REGLAMENTODELALEYDELDERECHOALACCESODISPOSICIONYSANEAMIENTODELAGUADELADISTRITOFEDERAL,,,,0.0,mencion_reglamento
A4DE831B_119,REGLAMENTODELALEYDELDERECHOALACCESODISPOSICIONYSANEAMIENTODELAGUADELACIUDADDEMEXICO,REGLAMENTODELALEYDELDERECHOALACCESODISPOSICIONYSANEAMIENTODELAGUADELADISTRITOFEDERAL,,,,0.0,mencion_reglamento
A4DE831B_125,REGLAMENTODELALEYDELDERECHOALACCESODISPOSICIONYSANEAMIENTODELAGUADELACIUDADDEMEXICO,REGLAMENTODELALEYDELDERECHOALACCESODISPOSICIONYSANEAMIENTODELAGUADELADISTRITOFEDERAL,,,,0.0,mencion_reglamento
A582EA42_5,REGLAMENTODELALEYDELSISTEMADEALERTASOCIALDELACIUDADDEMEXICO,REGLAMENTODELALEYDELSISTEMADEALERTASOCIALDELADISTRITOFEDERAL,,,,0.0,mencion_reglamento
A582EA42_21,REGLAMENTODELALEYDELSISTEMADEALERTASOCIALDELACIUDADDEMEXICO,REGLAMENTODELALEYDELSISTEMADEALERTASOCIALDELADISTRITOFEDERAL,,,,0.0,mencion_reglamento
AF96B37C_23,REGLAMENTODELALEYDESALUDDELACIUDADDEMEXICO,REGLAMENTODELALEYDESALUDDELADISTRITOFEDERAL,created,87EDE287,Reglamento de la Ley de Salud del Distrito Federal,0.9882352941176471,mencion_reglamento
AF96B37C_77,REGLAMENTODELALEYDESALUDDELACIUDADDEMEXICO,REGLAMENTODELALEYDESALUDDELADISTRITOFEDERAL,created,87EDE287,Reglamento de la Ley de Salud del Distrito Federal,0.9882352941176471,mencion_reglamento
AF96B37C_85,REGLAMENTODELALEYDESALUDDELACIUDADDEMEXICO,REGLAMENTODELALEYDESALUDDELADISTRITOFEDERAL,created,87EDE287,Reglamento de la Ley de Salud del Distrito Federal,0.9882352941176471,mencion_reglamento
AF96B37C_91,REGLAMENTODELALEYDESALUDDELACIUDADDEMEXICO,REGLAMENTODELALEYDESALUDDELADISTRITOFEDERAL,created,87EDE287,Reglamento de la Ley de Salud del Distrito Federal,0.9882352941176471,mencion_reglamento
AF96B37C_129,REGLAMENTODELALEYDESALUDDELACIUDADDEMEXICO,REGLAMENTODELALEYDESALUDDELADISTRITOFEDERAL,created,87EDE287,Reglamento de la Ley de Salud del Distrito Federal,0.9882352941176471,mencion_reglamento
AF96B37C_131,REGLAMENTODELALEYDESALUDDELACIUDADDEMEXICO,REGLAMENTODELALEYDESALUDDELADISTRITOFEDERAL,created,87EDE287,Reglamento de la Ley de Salud del Distrito Federal,0.9882352941176471,mencion_reglamento
AF96B37C_159,REGLAMENTODELALEYDESALUDDELACIUDADDEMEXICO,REGLAMENTODELALEYDESALUDDELADISTRITOFEDERAL,created,87EDE287,Reglamento de la Ley de Salud del Distrito Federal,0.9882352941176471,mencion_reglamento
AF96B37C_159,REGLAMENTODELALEYDESALUDDELACIUDADDEMEXICO,REGLAMENTODELALEYDESALUDDELADISTRITOFEDERAL,created,87EDE287,Reglamento de la Ley de Salud del Distrito Federal,0.9882352941176471,mencion_reglamento
AF96B37C_175,REGLAMENTODELALEYDESALUDDELACIUDADDEMEXICO,REGLAMENTODELALEYDESALUDDELADISTRITOFEDERAL,created,87EDE287,Reglamento de la Ley de Salud del Distrito Federal,0.9882352941176471,mencion_reglamento
